BSRT10013,车之翼滁州中都大道店,安徽省,滁州市,南谯区,中都大道路灯管理处对面加油站旁,18055019661,美孚 5W-40 4L/美孚 5W-30 4L/壳牌 5W-40 4L/壳牌 5W-30 4L,12,
BSRT06795,车之翼安庆凌北西路店,安徽省,安庆市,宜秀区,菱北西路厦华花苑1号楼移动大厦旁,18955698088,美孚 5W-40 4L/嘉实多 5W-40 4L,,
BSRT12127,车之翼广德县路路通轮胎销售部,安徽省,宣城市,广德县,桃州镇蓝庭国际小区东大门车之翼,13865369088,嘉实多 HX5 10W-40 4L/壳牌 HX5 10W-40 4L,,
BSRT12973,车之翼合肥太湖东路店,安徽省,合肥市,包河区,金寨路与太湖路交叉口往东400米车之翼,13956987739,壳牌 HX5 10W-40 4L,,
BSRT09439,车之翼北京富力又一城店,北京市,北京市,朝阳区,豆各庄乡黄厂南里1号院4号楼北60米,13601335122,美孚 5W-40 4L/嘉实多 5W-40 4L,78,
BSRT07381,车之翼北京粤海北四环店,北京市,北京市,朝阳区,北四环太阳宫乡十字口村甲39,13911168008,美孚 5W-40 4L/壳牌 5W-40 4L/嘉实多 5W-40 4L,,
BSRT10203,车之翼北京成寿寺路店,北京市,北京市,朝阳区,成寿寺路141号中石油加油站旁,15810858617,壳牌 非凡喜力 HX7 5W-40 4L,,
BSRT07294,车之翼北京亦庄店,北京市,北京市,大兴区,经济技术开发区同济北路26号,15810858596,壳牌 非凡喜力 HX7 5W-40 4L,,
BSRT07295,车之翼北京石榴园店,北京市,北京市,丰台区,石榴园南里7号楼赵公口路往南,13501109538,壳牌 非凡喜力 HX7 5W-40 4L,,
BSRT13488,车之翼北京谷丰路店,北京市,北京市,平谷区,谷丰路7号,13701056924,壳牌 5W-40/4 4L/嘉实多 5W-40/4 4L,,
BSRT01718,车之翼北京空港店,北京市,北京市,顺义区,空港工业区B区裕民大街2号,13911447188,壳牌 5W-40/4 4L/嘉实多 5W-40/4 4L,,
BSRT01727,车之翼北京平谷岳各庄店,北京市,北京市,平谷区,平谷镇岳各庄村双河路1排1号,13701056924,壳牌 5W-40/4 4L/嘉实多 5W-40/4 4L,,
BSRT10575,车之翼北京盛华店,北京市,北京市,朝阳区,盛华汽配城10区11-14号,13910052685,嘉实多 5W-40 4L/壳牌 5W-40 4L,,
BSRT07431,车之翼晟轩轮胎店,北京市,北京市,通州区,梨园镇大马庄村,13910797204,嘉实多 5W-40 4L/壳牌 5W-40 4L,,
BSRT07432,车之翼北京亨通翔商贸有限公司,北京市,北京市,朝阳区,五方天雅汽配城北区东8-73、75、79,13051203362,嘉实多 5W-40 4L/壳牌 5W-40 4L,,
BSRT22180,车之翼宝盛里店,北京市,北京市,海淀区,宝盛里芳清园8号楼1层商业03/04,010-82437873,嘉实多  5W-40 4L,,
BSRT10279,车之翼富泉花园店,北京市,北京市,昌平区,科技园区富康路甲18号,18610117611,嘉实多  5W-40 4L,,
BSRT06107,车之翼福州长乐路店,福建省,福州市,晋安区,长乐北路60号紫金苑,13599054999,壳牌 5W-40 x7 4L,30,
BSRT05988,车之翼福清宏路店,福建省,福州市,福清市,宏路镇耀华工业区义明综合楼24-34号,15980551711,壳牌 5W-40 x7 4L,,
BSRT05989,车之翼三明新市北路店,福建省,三明市,梅列区,乾龙新村99幢8-15店面,13906087888,嘉实多 磁护 5W-40 4L,,
BSRT05992,车之翼厦门体育路店,福建省,厦门市,思明区,厦门体育路40号-2商场,13063070963,美孚速霸2000 5W-40 SN 4L,,
BSRT09062,车之翼厦门枋湖西路店,福建省,厦门市,湖里区,枋湖西路57号之二,18030230888,美孚速霸2000 5W-40 SN 4L,,
BSRT06108,车之翼南安市水头镇荣晖轮胎商行,福建省,泉州市,南安市,水头镇福山祥联大厦3-4号,13599200058,壳牌 5W-40 x7 4L,,
BSRT11695,车之翼南安官桥车臣士汽车服务中心,福建省,泉州市,南安市,官桥镇金庄街富甲一方8号楼店面,13906996454,嘉实多 5W-40 4L,,
BSRT05990,车之翼晋江和平中路店,福建省,泉州市,晋江市,和平中路晋江公安局旁,18250256777,金美孚 0W-40 SN级 4L,,
BSRT05993,车之翼晋江龙湖路店,福建省,泉州市,晋江市,龙湖镇石龟工业区耀狮小客车公司旁,13600792269,嘉实多 磁护 5W-40 4L,,
BSRT20687,车之翼泉州西环路店,福建省,泉州市,鲤城区,西环路南9区5幢1、2、3、4号,18259560088,嘉实多 磁护 5W-40 4L,,
BSRT05044,车之翼广州番禺店,广东省,广州市,番禺区,大石镇上漖村迎宾路段华南商业城,18126789614,金美孚 0W-40 SN级 4L,91,
BSRT05055,车之翼广州芳村大道西店,广东省,广州市,荔湾区,芳村大道西275号桥东大厦首层（车之翼）,13711158892,金美孚 0W-40 SN级 4L,,
BSRT05062,车之翼广州中山大道店,广东省,广州市,天河区,中山大道中993号爱德加油站旁,13802910637,金美孚 0W-40 SN级 4L,,
BSRT20686,车之翼广州黄埔东路店,广东省,广州市,黄埔区,黄埔东路884号105-108,13802910637,金美孚 0W-40 SN级 4L,,
BSRT05435,车之翼广州市花都区新华车港轮胎店,广东省,广州市,花都区,新华街曙光路78号1号楼16号铺,13822259853,嘉实多 5W-40 4L,,
BSRT11380,车之翼广州市番禺区市桥驰君轮胎店,广东省,广州市,番禺区,市桥富华东路301-305,15820259834,壳牌 5W-40 4L,,
BSRT05045,车之翼东莞东城店,广东省,东莞市,东城区,莞龙路东城上桥红绿灯路口,13602311118,嘉实多 10W-40 4L/嘉实多 5W-30 4L/壳牌 10W-40 4L/壳牌 5W-30 4L,,
BSRT05064,车之翼东莞虎门店,广东省,东莞市,虎门镇,北栅高速路口5号地铺,13809636611,嘉实多 磁护 5W-40 4L,,
BSRT22391,车之翼东莞大朗店,广东省,东莞市,大朗镇,大井头村,13560102008,壳牌 10W-40 4L/壳牌 5W-30 4L,,
BSRT08962,车之翼佛山桂城石肯店,广东省,佛山市,南海区,桂城石霍东工业区二号2路,13809815567,嘉实多 磁护 5W-40 4L,,
BSRT09189,车之翼佛山南海桂平路店,广东省,佛山市,南海区,桂平美食城5座首层,13802469789,嘉实多 磁护 5W-40 4L,,
BSRT05053,车之翼佛山南海粤丰店,广东省,佛山市,南海区,桂丹路乐安段粤丰汽配城A2栋101-107,15916588570,嘉实多 磁护 5W-40 4L,,
BSRT21010,车之翼佛山大良店,广东省,佛山市,顺德区,大良升平鉴海南路2号都汇豪庭5、6、7号铺,18603099233,嘉实多 磁护 5W-40 4L,,
BSRT05138,车之翼佛山市南海区廉和轮胎维修店,广东省,佛山市,南海区,平洲石龙路南路138号（即平洲高级中学对面）,13528988913,嘉实多 磁护 5W-40 4L,,
BSRT05430,车之翼佛山快捷店,广东省,佛山市,禅城区,郊边二路佛山车世界汽配东区商铺,13702918260,嘉实多 磁护 5W-40 4L,,
BSRT22935,车之翼佛山广海大道店,广东省,佛山市,南海区,小塘狮岭广海大道东6号6座,18025980770,嘉实多 磁护 5W-40 4L,,
BSRT05047,车之翼惠州下埔店,广东省,惠州市,惠城区,下埔滨江花园A座堤下路101-102,18902621239,嘉实多 10W-40 4L/嘉实多 5W-30 4L/壳牌 10W-40 4L/壳牌 5W-30 4L,,
BSRT12680,车之翼惠州淡水店,广东省,惠州市,惠阳区,淡水上塘石坑仔信和苑二期6幢101、201商场,13560102008,壳牌 10W-40 4L/壳牌 5W-30 4L,,
BSRT05058,车之翼深圳创新路店,广东省,深圳市,宝安区,沙井街道办创新路金乐大厦（自来水公司旁）,0755-27228887,嘉实多 磁护 5W-40 4L,,
BSRT20198,车之翼中山市坦洲镇利昌汽车用品中心店,广东省,中山市,坦洲镇,沙贝路33号沙角环第1栋9-12卡,13926900200,金美孚 0W-40 SN级 4L,,
BSRT05046,车之翼珠海梅华西路店,广东省,珠海市,香洲区,梅华西路172号,13926911066,金美孚 0W-40 SN级 4L,,
BSRT05464,车之翼珠海市洲顺驰轮胎行,广东省,珠海市,香洲区,翠前北路175（悦安雅苑东面）,15811692111,壳牌 5W-40 4L,,
BSRT07079,车之翼柳州柳石路店,广西壮族自治区,柳州市,柳北区,柳石路368号,18607726286,壳牌 HX7 5W-40 4L,15,
BSRT08291,车之翼北海云南路店,广西壮族自治区,柳州市,银海区,云南路毛纺厂旁34号,18807792212,壳牌蓝喜力 5W-40 x7 4L,,
BSRT22940,车之翼柳州潭中路店,广西壮族自治区,柳州市,城中区,潭中东路16号1、 2、 3号门面,18677200898,壳牌 HX7 5W-40 4L,,
BSRT23266,车之翼平果大学路店,广西壮族自治区,百色市,平果县,马头镇大学路东方国际11号楼1号商铺,13737651250,壳牌蓝喜力 5W-40 x7 4L,,
,车之翼南宁望州路店,广西壮族自治区,南宁市,兴宁区,望州路277-44号,13087911432,壳牌 5W-40 4L,,
BSRT04273,车之翼安顺贵黄路店,贵州省,安顺市,西秀区,贵黄西南路20号,13985301868,壳牌 金嘉护,3,
BSRT06377,车之翼海口儋州中兴大道店,海南省,儋州市,那大镇,中兴大道东段 电信大厦斜对面国利汽修,13907653250,嘉实多 磁护 5W-40 4L,30,
BSRT09474,车之翼琼海豪华路店,海南省,琼海市,嘉积镇,豪华路355号,15203013626,壳牌 X6：10W-40 4L,,
BSRT08930,车之翼乐东抱由感恩路店,海南省,省直辖县级行政区划,乐东黎族自治县,抱由镇感恩路39号,13876530888,力魔 5W-40 4L,,
BSRT08678,车之翼海口金垦路店,海南省,海口市,龙华区,金垦路33号成信世代雅居（北区）39-42号商铺,18608988512,嘉实多 磁护 5W-40 4L,,
BSRT06375,车之翼海口南海大道店,海南省,海口市,秀英区,南海大道141号,13518071118,美孚金装1号 0W-40 4L,,
BSRT06376,车之翼海口龙昆南路店,海南省,海口市,琼山区,龙昆南路103号,18889262769,博世 5W-30 4L,,
BSRT22181,车之翼海口海府路店,海南省,海口市,美兰区,海府一横路45号骏发名宇一楼,18689831827,嘉实多 磁护 5W-40 4L,,
BSRT06374,车之翼三亚春园路店,海南省,三亚市,河西区,春园一巷20号,18689559728,博世机油 X6:5W-30 4L,,
BSRT06378,车之翼三亚月川路店,海南省,三亚市,河东区,一环路294号,13876664482,博世机油 X6:5W-30 4L,,
BSRT12804,车之翼三亚荔枝沟路店,海南省,三亚市,吉阳镇,荔枝沟二手车交易市场右侧,13876127709,博世机油 X6:5W-30 4L,,
BSRT09105,车之翼保定长城北大街店,河北省,保定市,北市区,长城北大街2889,15690255897,壳牌 非凡喜力HX7 5W-40 4L,51,
BSRT00529,车之翼保定阳光大街店,河北省,保定市,北市区,阳光北大街916号,15690255897,壳牌 非凡喜力HX7 5W-40 4L,,
BSRT00530,车之翼保定天威西路店,河北省,保定市,新市区,天威西路1239号,15690255897,壳牌 非凡喜力HX7 5W-40 4L,,
BSRT12304,车之翼保定东风路店,河北省,保定市,北市区,东风路731号,15690255897,壳牌 非凡喜力HX7 5W-40 4L,,
BSRT12305,车之翼保定高碑店京广大街店,河北省,保定市,高碑店市,开发区112线转盘东50米（安泰路车管所西侧）,15690255897,壳牌 非凡喜力HX7 5W-40 4L,,
BSRT13298,车之翼保定乐凯大街店,河北省,保定市,新市区,乐凯北大街1865号,15690255897,壳牌 非凡喜力HX7 5W-40 4L,,
BSRT01007,车之翼沧州万达店,河北省,沧州市,运河区,清池大道40号(南胡办事处一楼),13930718556,嘉实多 磁护 5W-40 4L,,
BSRT01008,车之翼沧州北环中路店,河北省,沧州市,运河区,永济中路（水晶宫饭店东邻）,13930718556,嘉实多 磁护 5W-40 4L,,
BSRT01031,车之翼沧州青县南环路店,河北省,沧州市,青县,环东南角红绿灯财政局对面,18931748001,嘉实多 磁护 5W-40 4L,,
BSRT10857,车之翼邯郸市丛台福润翔贸易有限公司,河北省,邯郸市,丛台区,南中华北大街439号 南临街一层门市,15833056068,壳牌 非凡喜力HX7 5W-40 4L,,
BSRT00691,车之翼秦皇岛北环路店,河北省,秦皇岛市,海港区,市北环路470号,18733540215,嘉实多 磁护 5W-40 4L,,
BSRT09943,车之翼秦皇岛海阳店,河北省,秦皇岛市,海港区,海阳路272-4号,13633339678,嘉实多 磁护 5W-40 4L,,
BSRT13028,车之翼华北汽贸公司石家庄进口汽车配件供应站,河北省,石家庄市,裕华区,胜利北街298号,15032065688,壳牌 非凡喜力HX7 5W-40 4L,,
BSRT09858,车之翼唐山车站路店,河北省,唐山市,路南区,车站路汽车站,18633506996,嘉实多 磁护 5W-40 4L,,
BSRT13092,车之翼唐山丰润区滨河路店,河北省,唐山市,丰润区,曹雪芹西道436号,18617897879,嘉实多 磁护 5W-40 4L,,
BSRT01068,车之翼邢台沙河机场路店,河北省,邢台市,沙河市,京广路北道口北行600米路西,13930902268,嘉实多 磁护 5W-40 4L,,
BSRT10595,车之翼张家口纬三路店,河北省,张家口市,高新区,纬三路世纪豪园19号楼16号底商,15028366367,壳牌 非凡喜力HX7 5W-40 4L,,
BSRT06972,车之翼洛阳大杨树店,河南省,洛阳市,洛龙区,安乐大杨树豫西汽配市场1024号车之翼,0379-65253991,壳牌 黄壳喜力 HX5 10W-40 4L,21,
BSRT22933,车之翼洛阳新街店,河南省,洛阳市,老城区,九都路与新街交叉口西北角新天地车之翼,0379-61280366,壳牌 黄壳喜力 HX5 10W-40 4L,,
BSRT11632,车之翼洛阳车之翼宜人路店,河南省,洛阳市,洛龙区,宜人路与望春门街交叉口车之翼,0379-62278996,壳牌 黄壳喜力 HX5 10W-40 4L,,
BSRT03343,车之翼濮阳车之宝汽车服务有限公司,河南省,濮阳市,华龙区,京开大道与建设路向南200米路西,13303932850,美孚速霸1000  10W-40 4L,,
BSRT12031,车之翼新乡新中大道店,河南省,新乡市,牧野区,新中大道新视小区15号楼1层,13837319880,美孚速霸1000  10W-40 4L,,
BSRT03336,车之翼郑州国基路店,河南省,郑州市,金水区,国基路与花园路交叉口,18638948088,嘉实多 金嘉护 10W-40 4L,,
BSRT11337,车之翼周口百佳汽车修理有限公司,河南省,周口市,川汇区,周商路与莲花路交叉口向西1000米路北,13938081356,美孚速霸1000  10W-40 4L,,
BSRT20064,车之翼大庆建设路店,黑龙江省,大庆市,萨尔图区,东风新村庆龙小区B2商场一层建设路89号,15776150341,嘉实多 5W-40 4L,21,
BSRT01557,车之翼哈尔滨利民店,黑龙江省,哈尔滨市,呼兰区,利民开发区远东大街美澳花园7、8号,15304519052,壳牌 5W-40 4L,,
BSRT08974,车之翼哈尔滨中山路店,黑龙江省,哈尔滨市,南岗区,民生路副1号,15304519066,壳牌 5W-40 4L,,
BSRT21717,车之翼五常荣耀店,黑龙江省,哈尔滨市,五常市,荣耀家园2期7、8、9号商服,13204606929,壳牌 5W-40 4L,,
BSRT09053,车之翼黑龙江依兰店,黑龙江省,哈尔滨市,依兰县,客运站对过,13836065487,壳牌 5W-40 4L,,
BSRT13706,车之翼佳木斯国贸店,黑龙江省,佳木斯市,市向阳,西区胜利路与新发街交汇处,13803650003,嘉实多 磁护  5W-40 4L,,
BSRT01708,车之翼伊春力通源源商贸,黑龙江省,伊春市,伊春区,迎宾路3号,18601129168,嘉实多 磁护  5W-40 4L,,
BSRT21009,车之翼大冶金湖大道店,湖北省,黄石市,大冶市,金湖大道（桥北小区）22号,18086169588,嘉实多 金嘉护 10W-40 4L,42,
BSRT08899,车之翼黄石杭州西路店,湖北省,黄石市,黄石港区,湖滨大道1459号昌海汽车美容,13597635288,壳牌 黄壳喜力 HX5 10W-40 4L,,
BSRT10673,车之翼黄石湖滨大道店,湖北省,黄石市,黄石港区,湖滨大道1459-12号,13971786255,壳牌 黄壳喜力 HX5 10W-40 4L,,
BSRT12622,车之翼江夏德宏嘉园店,湖北省,武汉市,汉阳区,百威路黄金口汽配城A2栋2号2楼,18927825888,壳牌 黄壳喜力 HX5 10W-40 4L,,
BSRT05691,车之翼武汉友谊店,湖北省,武汉市,洪山区,友谊大道199号嘉和阳光水岸,18907130521,壳牌 黄壳喜力 HX5 10W-40 4L,,
BSRT05692,车之翼武汉汉阳荣辉店,湖北省,武汉市,汉阳区,绿色磬芳草庭二栋104——105门面,15927278635,嘉实多 金嘉护 10W-40 4L,,
BSRT05693,车之翼荆州红星路店,湖北省,武汉市,汉阳区,百威路黄金口汽配城A2栋2号2楼,18927825888,嘉实多 金嘉护 10W-40 4L,,
BSRT20200,车之翼洪湖州陵大道店,湖北省,荆州市,洪湖市,州陵大道107号阳光年华底商,13886609859,壳牌 黄壳喜力 HX5 10W-40 4L,,
BSRT03585,车之翼十堰金友店,湖北省,十堰市,张湾区,城路109号十堰总装厂附近,13636166675,美孚速霸1000  10W-40 4L,,
BSRT05784,车之翼仙桃仙源大道店,湖北省,仙桃市,仙桃市,仙源大道16号,13385223568,壳牌 黄壳喜力 HX5 10W-40 4L,,
BSRT03586,车之翼襄樊春园路店,湖北省,襄阳市,襄阳区,春园东路6-1号,13995743890,嘉实多 金嘉护 10W-40 4L,,
BSRT21121,车之翼襄阳中原西路店,湖北省,襄阳市,樊城区,中原西路6号航天花园门面房14#,13797733058,嘉实多 金嘉护 10W-40 4L,,
BSRT13515,车之翼孝感天仙路店,湖北省,孝感市,孝南区,天仙路西湖明珠底商北大门104号,15826827135,美孚速霸1000  10W-40 4L,,
BSRT03608,车之翼宜昌东山大道店,湖北省,宜昌市,伍家岗区,东山大道145号,18995908699,嘉实多 金嘉护 10W-40 4L,,
BSRT10800,车之翼常德山立车之翼德山店,湖南省,常德市,德山经济开发区,莲花池居委会交通银行旁,15973622229,嘉实多 金嘉护 10W-40 4L,36,
BSRT10129,车之翼常德紫缘路店,湖南省,常德市,武陵区,柳叶大道与紫缘路交汇处,15973622229,壳牌 黄壳喜力 HX5 10W-40 4L,,
BSRT05842,车之翼常德芙蓉店,湖南省,常德市,武陵区,洞庭大道西段福慧公寓135号,15973622229,嘉实多 金嘉护 10W-40 4L,,
BSRT02703,车之翼衡阳蒸湘店,湖南省,衡阳市,蒸湘区,蒸湘南路28号,17773429106,嘉实多 金嘉护 10W-40 4L,,
BSRT02704,车之翼娄底育才店,湖南省,娄底市,娄星区,育才路人文科技学院旁,13378980328,壳牌 黄壳喜力 HX5 10W-40 4L,,
BSRT09013,车之翼吉首中原汽车美容,湖南省,省直辖县级行政区划,湘西土家族苗族自治州,吉首市沙子坳东花皖5-11号门面,13739029952,嘉实多 金嘉护 10W-40 4L,,
BSRT08359,车之翼益阳龙州路店,湖南省,益阳市,赫山区,龙州路428号北美阳光城对面,15116711702,道达尔-5000 10W-40 4L,,
BSRT23526,车之翼益阳大道店,湖南省,益阳市,赫山区,高新区佳宁娜U栋101-103号佳宁娜U栋101-103号,13973670067,道达尔-5000 10W-40 4L,,
BSRT13627,车之翼岳阳青年东路店,湖南省,岳阳市,岳阳楼区,青年东路1058号,13762009069,壳牌 黄壳喜力 HX5 10W-40 4L,,
BSRT21122,车之翼长沙车站南路店,湖南省,长沙市,雨花区,车站南路168号,15388969898,壳牌 黄壳喜力 HX5 10W-40 4L,,
BSRT12199,车之翼长沙万家丽北路店,湖南省,长沙市,开福区,三一大道176号4楼,18670704488,嘉实多 金嘉护 10W-40 4L,,
BSRT02705,车之翼株洲天元店,湖南省,株洲市,天元区,嵩山东路青年乐园8栋一楼门面,13007339898,嘉实多 金嘉护 10W-40 4L,,
BSRT01376,车之翼松原阿穆尔大街店,吉林省,松原市,前郭尔罗斯蒙古族自治县,松江大街1038号,13630362220,嘉实多 磁护 5W-40 4L,15,
BSRT11661,车之翼延吉市朝阳街店,吉林省,延边朝鲜族自治州,延吉市,朝阳街2377号,18604337013,马石油  5W-40 4L,,
BSRT01375,车之翼长春亚泰店,吉林省,长春市,南关区,亚太大街与繁荣路交汇处,18686649999,嘉实多 磁护 5W-40 4L,,
BSRT01368,车之翼长春正阳店,吉林省,长春市,绿园区,正阳街2759号,18242141555,嘉实多 磁护 5W-40 4L,,
BSRT12778,车之翼长春市人民大街西街店,吉林省,长春市,南关区,人民大街西街1218号,13104404888,嘉实多 磁护 5W-40 4L,,
BSRT01883,车之翼常州怀德路店,江苏省,常州市,钟楼区,怀德中路177-3号,18912319123,丰田 5W-30 4L,66,
BSRT10256,车之翼淮安前进东路店,江苏省,淮安市,清浦区,淮阴区嫩江路105号,15950397725,嘉实多 金嘉护 4L,,
BSRT02121,车之翼扬州百祥店,江苏省,扬州市,邗江区,百祥路门面房1号,13338857618,嘉实多 磁护 5W-40 4L,,
BSRT20685,车之翼扬州杨柳青路店,江苏省,扬州市,广陵区,杨柳青路念香苑北门108号,13665210820,嘉实多 磁护 5W-40 4L,,
BSRT02208,车之翼镇江市华康轮胎汽贸有限公司,江苏省,镇江市,京口区,丁卯桥路20号,13815487718,嘉实多 磁护 5W-40 4L/壳牌 磁护 5W-40 4L,,
BSRT02325,车之翼南通金沙店,江苏省,南通市,通州区,高新区银河路8号,13951303211,美孚 5W-40 4L,,
BSRT02326,车之翼南通新区店,江苏省,南通市,崇川区,长江中路127号,15962720207,美孚 5W-40 5L,,
BSRT02327,车之翼南通百花店,江苏省,南通市,崇川区,濠西路28号（车之翼百花店）,13962934441,美孚 5W-40 6L,,
BSRT02328,车之翼启东人民西路店,江苏省,南通市,启东市,人民西路1977号,13906282813,美孚 5W-40 7L,,
BSRT09093,车之翼南通永兴路店,江苏省,南通市,港闸区,永兴路55号,13962911307,美孚 5W-40 8L,,
BSRT11095,车之翼苏州市新希望汽车维修服务有限公司,江苏省,苏州市,吴中区,木渎枫瑞路68号1幢,15995559595,金富力 10W-40 4L,,
BSRT06648,车之翼吴江市震泽镇友谊自行车修理部（吴江市震泽小明汽车服务中心）,江苏省,苏州市,吴江区,震泽镇震新南路1333号,13812739153,壳牌 10W-40 4L,,
BSRT06652,车之翼太仓五洋商城店,江苏省,苏州市,太仓市,城西五羊商城106-108号,13809056303,嘉实多 10W-40 4L/美孚 10W-40 4L,,
BSRT10255,车之翼南京市江宁区润城汽车服务中心,江苏省,南京市,江宁区,湖山路369号,13951995458,嘉实多 磁护 5W-40 4L/美孚 磁护 5W-40 4L,,
BSRT08999,车之翼南京大厂店,江苏省,南京市,大厂区,潘营路41号,13770576839,嘉实多 磁护 5W-40 4L/壳牌 磁护 5W-40 4L,,
BSRT02061,车之翼徐州解放南路店,江苏省,徐州市,泉山区,徐宿路翟山综合楼101室,13905208139,德国福斯 10W-40 4L,,
BSRT02062,车之翼徐州湖北店,江苏省,徐州市,泉山区,二环西路25号,13615133302,嘉实多 磁护 5W-40 4L,,
BSRT11198,车之翼迎宾大道店,江西省,赣州市,章贡区,迎宾大道锦绣星城嘉苑18-5-6号普利司通轮胎店,18679790006,嘉实多 10W-40 4L/金嘉护 10W-40 4L,,
BSRT08386,车之翼吉安吉州大道店,江西省,吉安市,吉州区,韶山西路48号102门面 吉州大道与韶山西路交汇处,13807969773,嘉实多 金嘉护 10W-40 4L,,
BSRT08376,车之翼南昌红谷滩店,江西省,南昌市,红谷滩新区,红谷滩新区翠苑路353号,18720050173,嘉实多 金嘉护 10W-40 4L,,
BSRT12088,车之翼车之港汽车服务中心,江西省,南昌市,东湖区,南京东路381号,15070050323,嘉实多 金嘉护 10W-40 4L,,
BSRT07143,车之翼萍乡安源大道店,江西省,萍乡市,经济开发区,安源中大道群豪小区A栋,18007992799,壳牌 黄壳喜力 HX5 10W-40 4L,,
BSRT08809,车之翼瓦房店市南共济大街店,辽宁省,大连市,瓦房店市,南共济大街店,15942862767,嘉实多 5W-40 4L,135,
BSRT01226,车之翼普兰店中心路,辽宁省,大连市,普兰店市,中心路三段磷肥小区1号楼,15942862767,嘉实多 5W-40 4L,,
BSRT21016,车之翼大连黄海中路店,辽宁省,大连市,中山区,经济技术开发区黄海中路56号,18841187777,嘉实多 5W-40 5L,,
BSRT21788,车之翼大连五五路店,辽宁省,大连市,中山区,五五路9号,13795174517,美孚 5W-40 4L,,
BSRT10188,车之翼大连长兴岛临港工业区长兴岛办事处茂智汽车配件商店,辽宁省,大连市,瓦房店市,长兴岛镇临港工业区金港湖畔小区13-7号,15382163585,嘉实多 5W-40 4L,,
BSRT08574,车之翼大连美星汽车维护有限公司,辽宁省,大连市,甘井子区,逸景园23号共建1-8,18640849859,壳牌  5W-40 4L,,
BSRT22590,车之翼大连金州国防路店,辽宁省,大连市,金州区,光明街道国防路457号,13904268656,嘉实多 5W-40 4L,,
BSRT23264,车之翼大连长春路店,辽宁省,大连市,西岗区,长春路272号,15241181116,嘉实多 5W-40 4L,,
BSRT01241,车之翼大连市沙河口区佳益汽车美容中心,辽宁省,大连市,沙河口区,新生路130号,18641105677,嘉实多 5W-40 4L,,
BSRT12135,车之翼丹东东齐路车之翼,辽宁省,丹东市,振安区,东齐路12-6-4号,13372993999,壳牌  5W-40 4L,,
BSRT07715,车之翼鞍山体育中心店,辽宁省,鞍山市,铁东区,建国南路7-S5号,15841234997,嘉实多 5W-40 4L/美孚 5W-40 4L/壳牌5W-40 4L/巴达尔 5W-40 4L,,
BSRT07716,车之翼鞍山三十五中店,辽宁省,鞍山市,铁东区,园林路325甲S11号,13050053499,嘉实多 5W-40 4L/美孚 5W-40 4L/壳牌5W-40 4L/巴达尔 5W-40 5L,,
BSRT13736,车之翼鞍山市中大汽车用品有限公司（交通路店）,辽宁省,鞍山市,铁西区,交通路7号楼1号,13624929029,嘉实多 5W-40 4L/美孚 5W-40 4L/壳牌5W-40 4L/巴达尔 5W-40 6L,,
BSRT11717,车之翼海城市海州区弘鑫汽车配件商店,辽宁省,鞍山市,海城市,海州区合力路2号 （茂泽园一号楼）,13324129899,嘉实多 5W-40 4L/美孚 5W-40 4L/壳牌5W-40 4L/巴达尔 5W-40 7L,,
BSRT07765,车之翼本溪峪明路店,辽宁省,本溪市,明山区,峪明路61栋3号,13904149809,嘉实多 5W-40 4L,,
BSRT22936,车之翼本溪桓仁福民街店,辽宁省,本溪市,桓仁满族自治县,福民街20组01幢0单元11号,13941497999,嘉实多 5W-40 4L,,
BSRT04880,车之翼辽阳汽车维修服务有限公司,辽宁省,辽阳市,文圣区,南郊街影视家园125－2号,13841988891,嘉实多 5W-40 4L,,
BSRT07912,车之翼阜新中华路店,辽宁省,阜新市,细河区,东风路131-33门,15134061019,嘉实多 5W-40 4L/美孚 5W-40 4L/壳牌5W-40 4L,,
BSRT23265,车之翼黑山解放路店,辽宁省,锦州市,黑山县,解放南路电业局住宅门市楼,15941644555,嘉实多 5W-40 4L,,
BSRT07910,车之翼盘锦泰山路店,辽宁省,盘锦市,兴隆台区,泰山路油气岗南50米,18504271046,嘉实多 5W-40 4L/美孚 5W-40 4L/壳牌5W-40 4L,,
BSRT07915,车之翼盘锦新广厦店,辽宁省,盘锦市,兴隆台区,兴隆大街新广厦小区南,18504271053,嘉实多 5W-40 4L/美孚 5W-40 4L/壳牌5W-40 4L,,
BSRT07917,车之翼盘锦双兴南路店,辽宁省,盘锦市,兴隆台区,双兴路鹤乡小区东门,18504271060,嘉实多 5W-40 4L/美孚 5W-40 4L/壳牌5W-40 4L,,
BSRT09089,车之翼沈阳宁官店,辽宁省,沈阳市,和平区,八经街72号,15542291646,嘉实多 5W-40 4L,,
BSRT04878,车之翼沈阳八经街店,辽宁省,沈阳市,和平区,八经街九纬路53号,18740050421,嘉实多 5W-40 4L,,
BSRT04903,车之翼沈阳市丰乐二街店,辽宁省,沈阳市,东陵区,文萃路126号,13066669090,嘉实多 5W-40 4L,,
BSRT07732,车之翼铁岭红旗店,辽宁省,铁岭市,银州区,工人街融祥家园3号楼A座,13904901665,嘉实多 5W-40 4L/美孚 5W-40 4L/壳牌5W-40 4L/巴达尔 5W-40 7L,,
BSRT07742,车之翼永正源汽车美饰广场,辽宁省,铁岭市,调兵山市,北山街56号,13464139559,嘉实多 5W-40 4L,,
BSRT08885,车之翼扎旗罕山街店,内蒙古自治区,通辽市,扎鲁特旗鲁北镇,罕山街西段北斗小区1楼,18604759622,嘉实多 5W-40 4L,24,
BSRT01168,车之翼通辽胜利路店,内蒙古自治区,通辽市,科尔沁区,胜利路水务综合楼,13478891069,嘉实多 5W-40 4L,,
BSRT01172,车之翼奈曼草原街店,内蒙古自治区,通辽市,奈曼旗,草原街（客运站后身）,13947552022,嘉实多 5W-40 4L,,
BSRT04504,车之翼阿拉善左旗巴彦浩特安驰达汽车用品服务中心,内蒙古自治区,阿拉善盟,阿拉善左旗巴彦浩特镇,二水源岔路口农行正对面,13947498583,嘉实多 磁护 5W-40 4L,,
BSRT04794,车之翼呼和浩特胜利路店,内蒙古自治区,呼和浩特市,新城区,胜利路东口车之翼,13754017135,嘉实多 磁护 5W-40 4L,,
BSRT10868,车之翼京源港店,内蒙古自治区,呼和浩特市,回民区,京源港国际汽配城东门车之翼,15048353395,嘉实多 磁护 5W-40 4L,,
BSRT04795,车之翼集宁怀远大街店,内蒙古自治区,乌兰察布市,集宁区,怀远路南大街51号1排,13947430457,力魔 5W-40 4L,,
BSRT04797,车之翼锡林浩特杭盖路店,内蒙古自治区,锡林郭勒盟,锡林浩特市,杭盖路考试中心对面,13947947799,嘉实多 磁护 5W-40 4L,,
BSRT04490,车之翼银川解放街店,宁夏回族自治区,银川市,兴庆区,丽景北街38号九号公馆旁,18191150000,摩特机油 红摩 5W-30 4L,12,
BSRT22179,车之翼宁夏平罗店,宁夏回族自治区,石嘴山市,平罗县,南门金三角加油站西侧,13995326988,摩特机油 黄摩 5W-30 4L,,
BSRT11814,车之翼固原北环路店,宁夏回族自治区,固原市,原州区,北环路（交通局楼下）,18152548111,壳牌 HX6 10W-40 4L,,
,车之翼宁夏青铜峡市店,宁夏回族自治区,吴忠市,青铜峡市,小坝建民北街254号,18995350186,摩特机油 红摩 5W-40 4L,,
BSRT10768,车之翼西宁香格里拉店,青海省,西宁市,城中区,香格里拉路怡景苑小区2号楼底商,13909712424,美孚 速霸-2000 4L,3,
BSRT12096,车之翼济南幸福街店,山东省,济南市,槐荫区,幸福街8号山东汽配城C座一层151号,15665830283,美孚 5W-40 4L/道达尔 5W-40 4L/嘉实多 5W-40 4L,87,
BSRT09832,车之翼章丘世纪大道店,山东省,济南市,章丘市,唐王山路东段路北,15064119988,美孚 5W-40 4L/道达尔 5W-40 4L/嘉实多 5W-40 4L,,
BSRT22594,车之翼济南市清河北路店,山东省,济南市,天桥区,小清河北路188号鑫苑名家22号楼1层113室,13969078886,美孚 5W-40 4L/道达尔 5W-40 4L/嘉实多 5W-40 4L,,
BSRT10642,车之翼青岛即墨华山一路店,山东省,青岛市,即墨市,华山一路与长江二路路口,15689937888,美孚 5W-40 4L/道达尔 5W-40 4L/嘉实多 5W-40 4L,,
BSRT00375,车之翼青岛重庆南路店,山东省,青岛市,四方区,重庆南路209号,13335018699,美孚 5W-40 4L/道达尔 5W-40 4L/嘉实多 5W-40 4L,,
BSRT00376,车之翼青岛团岛店,山东省,青岛市,市南区,"团岛路6号（消防队对面,车之翼）",13335018699,美孚 5W-40 4L/道达尔 5W-40 4L/嘉实多 5W-40 4L,,
BSRT00377,车之翼胶州扬州路车之翼,山东省,青岛市,胶州市,扬州西路扬州花园,18663905558,美孚 5W-40 4L/道达尔 5W-40 4L/嘉实多 5W-40 4L,,
BSRT00385,车之翼山东平度青岛路店,山东省,青岛市,平度市,青岛路169号,13808970928,美孚 5W-40 4L/道达尔 5W-40 4L/嘉实多 5W-40 4L,,
BSRT21011,车之翼济宁瑞丰供销路店,山东省,济宁市,任城区,供销路与吴泰闸路路口北300米路西（都市春天东门北）,13964965676,美孚 5W-40 4L/道达尔 5W-40 4L/嘉实多 5W-40 4L,,
BSRT00381,车之翼日照枣庄路店,山东省,日照市,新市区,枣庄路396号,13806333923,美孚 5W-40 4L/道达尔 5W-40 4L/嘉实多 5W-40 4L,,
BSRT00394,车之翼日照车之翼秦皇岛路店,山东省,日照市,开发区,秦皇岛路东段电大北门对过,13153336976,美孚 5W-40 4L/道达尔 5W-40 4L/嘉实多 5W-40 4L,,
BSRT10709,车之翼泰安市泰山区领航汽配商行,山东省,泰安市,泰山区,灵山街与温泉路交叉路口南路西1-2号营业房（03）,18854891999,美孚 5W-40 4L/道达尔 5W-40 4L/嘉实多 5W-40 4L,,
BSRT00002,车之翼潍坊宝通街店,山东省,潍坊市,奎文区,宝通街立交桥东路北,13070702121,美孚 5W-40 4L/道达尔 5W-40 4L/嘉实多 5W-40 4L,,
BSRT20464,车之翼荣成观海中路店,山东省,威海市,荣成市,观海中路119号,13408916711,美孚 5W-40 4L/道达尔 5W-40 4L/嘉实多 5W-40 4L,,
BSRT11055,车之翼文登环山路店,山东省,威海市,文登区,环山路西首环山小学东临,18266316177,美孚 5W-40 4L/道达尔 5W-40 4L/嘉实多 5W-40 4L,,
BSRT08499,车之翼山东荣成石岛店,山东省,威海市,荣成市,石岛管理区黄海中路107号（石岛正骨医院南50米路西）,13408916711,美孚 5W-40 4L/道达尔 5W-40 4L/嘉实多 5W-40 4L,,
BSRT08772,车之翼山东乳山世纪大道店,山东省,威海市,乳山市,世纪大道笙歌小区附27-1,13869027547,美孚 5W-40 4L/道达尔 5W-40 4L/嘉实多 5W-40 4L,,
BSRT00341,车之翼威海青岛中路店,山东省,威海市,经济技术开发区,青岛中路175号（汽车市场对面）,15166310123,美孚 5W-40 4L/道达尔 5W-40 4L/嘉实多 5W-40 4L,,
BSRT20684,车之翼烟台鸿运机场路店,山东省,烟台市,芝罘区,机场路158号,15006556598,美孚 5W-40 4L/道达尔 5W-40 4L/嘉实多 5W-40 4L,,
BSRT11937,车之翼烟台红旗东路店,山东省,烟台市,莱山区,红旗东路东首,13255530977,美孚 5W-40 4L/道达尔 5W-40 4L/嘉实多 5W-40 4L,,
BSRT08892,车之翼招远金城路店,山东省,烟台市,招远市,金城路392号,13668650988,美孚 5W-40 4L/道达尔 5W-40 4L/嘉实多 5W-40 4L,,
BSRT00183,车之翼烟台幸福南路店,山东省,烟台市,芝罘区,幸福南路付11号,18254533192,美孚 5W-40 4L/道达尔 5W-40 4L/嘉实多 5W-40 4L,,
BSRT22595,车之翼烟台五指山路店,山东省,烟台市,芝罘区,经济技术开发区区五指山路36号,15098617366,美孚 5W-40 4L/道达尔 5W-40 4L/嘉实多 5W-40 4L,,
BSRT22555,车之翼海阳海天路店,山东省,烟台市,海阳市,龙塘村村南,13953518701,美孚 5W-40 4L/道达尔 5W-40 4L/嘉实多 5W-40 4L,,
BSRT00215,车之翼龙口永盛轮胎,山东省,烟台市,龙口市,龙港开发区和平路时利和酒店对面,13573566989,美孚 5W-40 4L/道达尔 5W-40 4L/嘉实多 5W-40 4L,,
BSRT00216,车之翼轮胎馆烟台珠江路店,山东省,烟台市,开发区,凤台小区9号楼南网点1号,13625352096,美孚 5W-40 4L/道达尔 5W-40 4L/嘉实多 5W-40 4L,,
BSRT10014,车之翼淄博东二路店,山东省,淄博市,张店区,东二路与潘南路交叉口,15615336050,美孚 5W-40 4L/道达尔 5W-40 4L/嘉实多 5W-40 4L,,
BSRT00003,车之翼淄博中润大道店,山东省,淄博市,张店区,中心路265号东方汽车城新展厅A-01号,13969322000,美孚 5W-40 4L/道达尔 5W-40 4L/嘉实多 5W-40 4L,,
BSRT22938,车之翼淄博金晶大道店,山东省,淄博市,张店区,金晶大道178号-1,13969322000,美孚 5W-40 4L/道达尔 5W-40 4L/嘉实多 5W-40 4L,,
BSRT20204,车之翼大同市万城华府店,山西省,大同市,城区,南三环万城华府小区C区9-11号,15103427989,嘉实多 磁护 5W-40 4L,33,
BSRT20205,车之翼大同市东信国际店,山西省,大同市,城区,东信国际商城南区外围商铺14-18,13934458136,嘉实多 磁护 5W-40 4L,,
BSRT21026,车之翼大同市西京府店,山西省,大同市,御东新区,西京府B区103-106商铺,15103528888,嘉实多 磁护 5W-40 4L,,
BSRT11774,车之翼大同市南郊区鑫诚融盛贸易商行,山西省,大同市,南郊区,环泉小区1楼6号商铺,13835298241,力魔 5W-40 4L,,
BSRT04539,车之翼大同南三环店,山西省,大同市,城区,南三环浩海岗东200米路北-普利司通轮胎店,18734285766,嘉实多 磁护 5W-40 4L,,
BSRT04534,车之翼朔州民福店,山西省,朔州市,朔城区,民福东街百福超市隔壁,13103494558,嘉实多 磁护 5W-40 4L,,
BSRT22182,车之翼朔州豪德店,山西省,朔州市,朔城区,豪德市场三期南街3号,13903492678,嘉实多 磁护 5W-40 4L,,
BSRT12226,车之翼太原太堡街店,山西省,太原市,迎泽区,太堡街70号东5、6号商铺,13903513762,嘉实多 磁护 5W-40 4L,,
BSRT21104,车之翼太原武宿村西街店,山西省,太原市,小店区,武宿村西街37号,13753110406,嘉实多 金嘉护 10W-40 4L,,
BSRT04672,车之翼太原胜利东街店,山西省,太原市,杏花岭区,胜利东街28号,15535177155,嘉实多 磁护 5W-40 4L,,
BSRT04636,车之翼长治西一环路店,山西省,长治市,城区,紫坊北小区商铺西8号,15035595505,壳牌 X7 4L,,
BSRT09956,车之翼西安公园北路店,陕西省,西安市,新城区,公园北路（华清路南200米）,18092009692,美孚 速霸2000 4L,50,
BSRT07535,车之翼西安高新店,陕西省,西安市,高新区,唐兴路6号数码广场1楼1号,13201850060,壳牌 兰壳HX-7 4L,,
BSRT07537,车之翼西安韩森路店,陕西省,西安市,新城区,韩森路西段1号（互助路立交向东200米）,13759959516,壳牌 兰壳HX-7 4L,,
BSRT07540,车之翼西安长安店,陕西省,西安市,长安区,韦曲建材街B3号,13060424567,道达尔 5W-30 4l,,
BSRT13753,车之翼西安市通德汽车维修服务有限公司,陕西省,西安市,浐灞生态区,北辰大道与欧亚大道十字东100米路南2号,15389447040,壳牌 兰壳HX-7 4L,,
BSRT20105,车之翼西安南三环店,陕西省,西安市,雁塔区,高新区丈八二路16号,18066513272,嘉实多 金嘉护 10W-40 4L,,
BSRT23620,车之翼西安创汇路店,陕西省,西安市,高新区,创汇路与发展大道十字向西100米路北,15809288826,壳牌 兰壳HX-7 4L,,
BSRT11562,车之翼经九路店,陕西省,西安市,雁塔区,经九南路西部家具城东门对面车之翼,18629335599,嘉实多 磁护 5W 4L,,
BSRT21110,车之翼渭南华山大街店,陕西省,渭南市,临渭区,西潼路与西一路口,13892508788,嘉实多 磁护 5W 4L,,
BSRT07538,车之翼榆林航宇路店,陕西省,榆林市,榆阳区,航宇路开发区沙河桥头北侧（驰远汽车用品服务中心）,18791200009,嘉实多 磁护 5W-40 4L,,
BSRT02445,车之翼上海共明汽车维修有限公司,上海市,上海市,嘉定区,新城路118号（近嘉戬公路）,13601846582,嘉实多 金嘉护 10W-40 4L,36,
BSRT02448,车之翼车之翼青浦新亚店,上海市,上海市,青浦区,青浦镇淀浦河路209号,15000522469,嘉实多 金嘉护 10W-40 4L,,
BSRT02449,车之翼长宁茅台路店,上海市,上海市,长宁区,茅台路946号,13801942299,雪佛龙 金富力 10W-40 4L,,
BSRT02450,车之翼金山永永店,上海市,上海市,金山区,朱泾镇塘园路541－547号,13524543410,嘉实多 金嘉护 10W-40 4L,,
BSRT22937,车之翼上海宝秀路店,上海市,上海市,闵行区,宝秀路977号,13816393755,嘉实多 金嘉护 10W-40 4L,,
BSRT22939,车之翼上海友谊路店,上海市,上海市,宝山区,友谊路1500号1幢101室,15900677188,嘉实多 金嘉护 10W-40 4L,,
BSRT21764,车之翼保利星座店,四川省,成都市,高新区,盛源街1141号,13982157583,壳牌 黄壳 10W-40 4L/嘉实多 金嘉护 10W-40 4L,110,
BSRT20207,车之翼成都交大店,四川省,成都市,郫县,犀浦镇校园路816号附674-676号,15828828005,壳牌 黄壳 5W-40 4L/嘉实多 金嘉护 5W-40 4L/美孚 速霸1000 4L,,
BSRT13495,车之翼成都双流韩国城店,四川省,成都市,双流县,大件路白家段280号1-113,13982157583,壳牌 5W-40 4L/嘉实多 5W-40 4L/美孚 5W-40 4L,,
BSRT13111,车之翼成都华韵天府店,四川省,成都市,锦江区,月季街135-143号,13982157583,壳牌 黄壳 5W-40 4L/嘉实多 金嘉护 5W-40 4L,,
BSRT03681,车之翼成都红运店,四川省,成都市,武侯区,长益路118号,13880067917,壳牌 10W-40 4L/嘉实多 5W-40 4L,,
BSRT03696,车之翼成都紫荆西路,四川省,成都市,高新区,紫荆西路59号,13982157583,美孚 磁护 10W-40 4L/嘉实多 磁护 10W-40 4L,,
BSRT09274,车之翼成都天府长城店,四川省,成都市,高新区,天环街190－200号,13982157583,壳牌 非凡喜力 0W-40 4L/壳牌 非凡喜力 0W-50 4L,,
BSRT21923,车之翼泸州连江路店,四川省,泸州市,江阳区,连江路二段43号,13568632788,壳牌 X5 10W-40 4L,,
BSRT03693,车之翼巴中裕鑫汽车美容服务部,四川省,巴中市,巴州区,江北二环路紫金花园6-14号（运管处隔壁车之翼）,13540692961,美孚 速霸1000 4L/嘉实多 金嘉护 5W-40 4L,,
BSRT03698,车之翼德阳天山南路店,四川省,德阳市,旌阳区,天山南路二段382-386号（翠湖花园）,13890299116,美孚 金美孚1号 5W-40 4L/嘉实多 金嘉护 5W-40 4L/嘉实多 银佳护 5W-40 4L,,
BSRT08782,车之翼华蓥红星路店,四川省,广安市,华蓥市,红星路四段,15982638222,嘉实多 金嘉护 10W-40,,
BSRT03689,车之翼广元利州东路店,四川省,广元市,利州区,利源小区利州东路二段908号,13508061612,嘉实多 金嘉护 10W-40,,
BSRT03697,车之翼西昌一环路店,四川省,凉山彝族自治州,西昌市,三岔口南路一环路口,13981507699,"美孚 金美孚 10W-50 4L/美孚 银美孚 10W-50 4L/美孚 速霸2000 10W-50 4L/道达尔300 10W-50 4L/道达尔4000 10W-50 4L/嘉实多 10W-50 4L
美孚 金美孚 5W-40 4L/美孚 银美孚 5W-40 4L/美孚 速霸2000 5W-40 4L/道达尔300 5W-40 4L/道达尔4000 5W-40 4L/嘉实多 5W-40 4L",,
BSRT03685,车之翼泸州百子图店,四川省,泸州市,江阳区,百子图文化广场路口车之翼店,13909087922,美孚 速霸1000 5W-40 4L,,
BSRT03744,车之翼成都车之翼叙永县二道桥,四川省,泸州市,叙永县,环城大道新城区,13982770111,壳牌 黄壳 磁护10W-40 4L/金嘉护 磁护10W-40 4L,,
BSRT03691,车之翼眉山北苑店,四川省,眉山市,东坡区,南北干道东坡湖广场旁车之翼,13890335939,美孚 速霸1000 4L/嘉实多 金嘉护 5W-40,,
BSRT03694,车之翼南部幸福大道店,四川省,南充市,南部县,蜀北办事处新欣街,15908270568,嘉实多 极护 0W-40 4L/壳牌 极护 0W-40 4L,,
BSRT22178,车之翼内江平安路店,四川省,内江市,东兴区,平安路608号,15196608005,美孚 速霸1000 5W-40 4L,,
BSRT03682,车之翼内江旱桥店,四川省,内江市,市中区,玉溪路3号（信源停车场内）,18989106016,壳牌 黄壳 5W-40 4L/嘉实多 金嘉护 5W-40 4L,,
BSRT03686,车之翼遂宁明月路店,四川省,遂宁市,船山区,明月路288号（车之翼）,13882588062,壳牌 黄壳 5W-40 4L/壳牌 蓝壳 5W-40 4L/嘉实多 金嘉护 5W-40 4L/嘉实多 磁护 5W-40 4L,,
BSRT03683,车之翼自贡马吃水店,四川省,自贡市,大安区,马吃水路中川大厦底楼,13909003230,壳牌 X5 10W-40 4L,,
BSRT22390,车之翼乐山广场店,四川省,乐山市,市中区,嘉兴路54号、56号、58号,18990678458,嘉实多 金嘉护 10W-40 4L,,
BSRT20080,车之翼乐山五通桥店,四川省,乐山市,五通桥区,杨柳镇杨柳湾,18990678458,壳牌 黄壳 5W-40 4L,,
BSRT11092,车之翼乐山嘉州新城店,四川省,乐山市,市中区,肖坝路866号满庭芳三期,13981382812,壳牌 X51 0W-40 4L,,
BSRT03695,车之翼乐山白燕路店,四川省,乐山市,市中区,"白燕路中段399号 ""快乐家园""联合汽贸对面",13981382812,"嘉实多 金嘉护 0W-40 4L/嘉实多 磁护 0W-40 4L/嘉实多 极护 0W-40 4L/壳牌 黄壳 0W-40 4L/壳牌 灰壳 0W-40 4L/美孚 金美孚1号 0W-40 4L
嘉实多 金嘉护 5W-50 4L/嘉实多 磁护 5W-50 4L/嘉实多 极护 5W-50 4L/壳牌 黄壳 5W-50 4L/壳牌 灰壳 5W-50 4L/美孚 金美孚1号 5W-50 4L",,
BSRT03797,车之翼四川犍为凤凰路店,四川省,乐山市,犍为县,凤凰路店297号,13990662168,嘉实多 磁护 5W-40 4L,,
BSRT22389,车之翼峨眉山红星路店,四川省,乐山市,峨眉山市,胜利镇红星村,18990678458,壳牌 黄壳 10W-40 4L/壳牌 黄壳 5W-40 4L,,
BSRT05872,车之翼天津泰达店,天津市,天津市,滨海新区,经济技术开发区黄海路98号第四杰作A座2门,18622216767,嘉实多 金嘉护 10W40 4L/嘉实多 磁护 10W40 4L,55,
BSRT09457,车之翼天津宾水西道店,天津市,天津市,南开区,宾水西道水上温泉花园底商206-208,15202232790,嘉实多 金嘉护 10W40 4L/嘉实多 磁护 10W40 4L,,
BSRT08266,车之翼天津中北路店,天津市,天津市,西青区,中北镇中北大道1号,15122662802,嘉实多 金嘉护 10W40 4L/嘉实多 磁护 10W40 4L,,
BSRT21784,车之翼天津广开二马路店,天津市,天津市,南开区,广开新街5号、7号,18622282861,嘉实多 5W-40 4L,,
BSRT05951,车之翼滨海新区汉沽伯祝轮胎销售中心店,天津市,天津市,汉沽区,火车站西建筑材料厂,13920190373,嘉实多 5W-40 4L,,
BSRT10015,车之翼天津泉兴路店,天津市,天津市,武清区,泉兴路32号,18920916555,美孚 5W-40 4L,,
BSRT10335,车之翼天津市红桥区佳佳宇四轮定位检测维修部,天津市,天津市,红桥区,纪念馆路118、120号,13752618789,壳牌 5W-40 4L,,
BSRT05875,车之翼天津静海津德路店,天津市,天津市,静海县,津徳路火车站立交桥北100米,13821546466,嘉实多 5W-40 4L,,
BSRT05871,车之翼天津红升店,天津市,天津市,河东区,卫国道95号翰林苑1号楼底商,13920081155,嘉实多 5W-40 4L,,
BSRT05948,车之翼天津创业路店,天津市,天津市,滨海新区,大港油田二号院创业路总医院东50米,13920762500,嘉实多 5W-40/4 4L,,
BSRT05952,车之翼天津市轮胎馆西青道店,天津市,天津市,西青区,杨柳青镇西青道青吉里底商349号,13002211996,嘉实多 5W-40 4L,,
BSRT12620,车之翼新疆喀什昆仑大道店,新疆维吾尔自治区,喀什地区,喀什市,昆仑大道国际汽车城9号楼,13899143121,嘉实多 磁护 10W-40 4L,27,
BSRT12621,车之翼新疆阿勒泰市民族路店,新疆维吾尔自治区,阿勒泰地区,阿勒泰市,民族路江南花园侧门车之翼轮胎店,13369065000,嘉实多 磁护 15W-50 4L,,
BSRT04384,车之翼乌鲁木齐新医路店,新疆维吾尔自治区,乌鲁木齐市,沙依巴克区,新医路794号,18999837019,嘉实多 磁护 5W-40 4L,,
BSRT04397,车之翼乌鲁木齐驰通腾达商贸有限公司,新疆维吾尔自治区,乌鲁木齐市,新市区,阿勒泰路1769号城西办公楼1层,13999995595,美孚 速霸 5W-40 4L,,
BSRT04401,车之翼阿克苏乌喀路店,新疆维吾尔自治区,阿克苏地区,阿克苏市,乌喀路东风小区2号楼5号底商,15599711777,嘉实多 磁护 5W-40 4L,,
BSRT22177,车之翼北屯金街店,新疆维吾尔自治区,北屯市,北屯市,多尔布尔津街1288-1车之翼,13579190638,嘉实多 磁护 5W-40 4L,,
BSRT22176,车之翼博乐北京店,新疆维吾尔自治区,博尔塔拉蒙古自治州,博乐市,八一时代广场南路车之翼,13345495858,嘉实多 磁护 10W-40 4L,,
,车之翼新疆奎屯库尔勒西路店,新疆维吾尔自治区,伊犁哈萨克自治州,奎屯市,库尔勒西路20号,18999718978,嘉实多 磁护 5W-30 4L,,
,车之翼新疆北屯西北路店,新疆维吾尔自治区,阿勒泰地区,阿勒泰市,北屯镇西北路镇中学左侧,13579190638,嘉实多 磁护 5W-30 4L,,
BSRT12071,车之翼昆明正半球商贸有限公司,云南省,昆明市,官渡区,昆洛公路709号东聚南疆汽车服务广场3栋A1A2号,13078780838,嘉实多 金嘉护 4L,6,
BSRT04164,车之翼昆明万华路店,云南省,昆明市,盘龙区,万华路金利园小区910栋901-902号商铺,13808790700,壳牌 黄壳 4L,,
BSRT03022,车之翼杭州丰潭路店,浙江省,杭州市,西湖区,丰潭路258号-2,18958061705,美孚 速霸1000 4L,66,
BSRT03029,车之翼金华丹溪店,浙江省,杭州市,下城区,九和路11号,13634109228,嘉实多 极护 10W-40 4L,,
BSRT03030,车之翼永康丽州北路店,浙江省,杭州市,下城区,九和路11号,13634109228,嘉实多 极护 10W-40 4L,,
BSRT03026,车之翼金华环城店,浙江省,杭州市,下城区,九和路11号,13634109228,嘉实多 极护 10W-40 4L,,
BSRT22597,车之翼衢州府东街店,浙江省,杭州市,下城区,九和路11号,13634109228,嘉实多 极护 10W-40 4L,,
BSRT08375,车之翼嘉兴豪宇汽车一站式服务有限公司,浙江省,嘉兴市,南湖区,南溪西路939号,13515738777,昆仑 天润KR8 4L,,
BSRT22376,车之翼海宁市德普轮胎有限公司,浙江省,嘉兴市,海宁市,硖石街道海州东路464号,13906738657,美孚 速霸1000 4L,,
BSRT22598,车之翼嘉兴东方路店,浙江省,嘉兴市,秀洲区,王江泾镇诚恒。世嘉花园18幢94.96.98号,13867369502,昆仑 天润KR8 4L,,
BSRT21789,车之翼宁波俞范东路店,浙江省,宁波市,镇海区,蛟川街道俞范村俞范菜场东面综合楼一楼五、六、七、八号,13805862518,嘉实多 极护 10W-40 4L,,
BSRT02873,车之翼北仑明州路店,浙江省,宁波市,北仑区,明州路385-391号,13806631002,嘉实多 极护 10W-40 4L,,
BSRT10148,车之翼余姚金型路店,浙江省,宁波市,余姚市,金型路394-402号（模具城）,15968017160,嘉实多 极护 10W-40 4L,,
BSRT09066,车之翼宁波四明东路店,浙江省,宁波市,鄞州区,四明东路668号,13736002296,嘉实多 极护 10W-40 4L,,
BSRT08640,车之翼宁波车之翼梅墟路店,浙江省,宁波市,高新区,梅墟路与凌云路交叉口,13336667180,嘉实多 极护 10W-40 4L,,
BSRT03032,车之翼绍兴至尊龙店,浙江省,绍兴市,柯桥区,稽山路135号宇华仓库32号,13567536539,嘉实多 金嘉护 10W-40 4L,,
BSRT22175,车之翼绍兴钱清店,浙江省,绍兴市,柯桥区,钱清镇东江村,13867563801,嘉实多 金嘉护 10W-40 4L,,
BSRT20466,车之翼绍兴高桥店,浙江省,绍兴市,绍兴市,柯桥区柯桥街道鉴湖路1042号日月潭花园（明秀苑）4幢106-107号,13989554812,嘉实多 极护 10W-40 4L,,
BSRT20153,车之翼绍兴鉴湖路店,浙江省,绍兴市,绍兴市,柯桥区柯桥街道鉴湖路1042号日月潭花园（明秀苑）4幢106-107号,13989554812,嘉实多 极护 10W-40 4L,,
BSRT20128,车之翼绍兴兴越路店,浙江省,绍兴市,柯桥区,柯桥街道兴越路裕民小区27幢4室,13989554812,嘉实多 极护 10W-40 4L,,
BSRT23513,车之翼绍兴漓渚新街店,浙江省,绍兴市,柯桥区,稽山路135号宇华仓库32号,15355517996,嘉实多 极护 10W-40 4L,,
BSRT21790,车之翼台州路桥公园路店,浙江省,台州市,路桥区,路南街道公园路888号,18605861111,嘉实多 极护 10W-40 4L,,
BSRT03033,车之翼温州永强店,浙江省,温州市,龙湾区,永强大道机床市场2-5号,13867790388,嘉实多 极护 10W-40 4L,,
BSRT03023,车之翼温州宏源店,浙江省,温州市,鹿城区,宏源日月星园E幢108-110号,13906647056,嘉实多 极护 10W-40 4L,,
BSRT03964,车之翼重庆石新路店,重庆市,重庆市,高新区,石新路67附13-18号 柳背桥小区（巴山加油站对面）,13368155622,嘉实多 金嘉护 4L,36,
BSRT03966,车之翼重庆江津南干道店,重庆市,重庆市,江津区,水木年华湖上41幢门面车之翼店,13996045768,嘉实多 金嘉护 4L,,
BSRT03969,车之翼永川人民大道店,重庆市,重庆市,永川区,人民大道339号,13509498090,壳牌 黄壳 4L,,
BSRT03970,车之翼黔江河滨南路店,重庆市,重庆市,黔江区,河滨南路东段988号,13896869968,道达尔-5000 4L,,
BSRT09178,车之翼钢梁迎宾路店,重庆市,重庆市,铜梁县,巴川镇街道办事处迎宾路202号,13883895558,壳牌 黄壳 10W-40 4L/嘉实多 金嘉护 10W-40 4L,,
BSRT08263,车之翼重庆渝北区宝石路店,重庆市,重庆市,渝北区,人和春兰三路重庆市林木种苗站轮胎仓库,18290512288,美孚 全系列,,
BSRT13801,车之翼兰州白银路店,甘肃省,兰州市,城关区,白银路上钩191号,18919803931,壳牌 HX7 5W-40 4L,9,
BSRT21008,车之翼兰州雁兴路店,甘肃省,兰州市,城关区,雁兴路3188号,18093114376,美孚 速霸2000 5W-40 4L,,
BSRT20206,车之翼武威西关新建路店,甘肃省,武威市,凉州区,西关新建路,18009498906,法国摩特机油 10W-40 4L,,